embedding_x,embedding_y
-2.7526877,-3.7203572
11.185157,-7.3077445
0.9534164,15.464942
15.612389,2.3521938
3.1447556,12.315107
1.9320076,20.461912
0.6389784,10.169521
11.542242,13.997284
15.937547,2.7120297
15.62101,-2.9537365
14.434441,3.1791072
-2.1919494,2.3608637
9.635466,16.46029
17.562832,-2.5455558
-8.558853,0.98017645
15.164438,4.1137404
9.8083,15.763369
-4.5671406,-7.3252354
12.856874,8.803197
9.420582,16.205162
1.0294878,1.6399105
0.8065997,21.038523
2.7779372,16.330954
4.963171,20.58906
15.721617,3.4935184
12.002489,18.319935
12.0155325,12.954019
-3.0489147,-5.327688
11.010667,0.9447654
10.959147,18.104872
13.918793,18.279701
10.149096,16.074493
-0.20038453,1.6743741
15.0515,4.0384245
-7.120539,1.1960334
12.972959,8.48404
15.336639,-2.2452607
-3.203438,8.701702
-0.11399168,1.2891946
16.436687,4.0200944
10.847122,-7.385853
11.522561,1.4615194
0.39364138,10.178082
12.895682,8.979702
14.561046,3.1859584
-1.550718,-4.0265193
3.1747358,12.294372
-3.1997542,-4.164531
15.694177,2.4388824
-0.29620627,1.0588298
1.1822083,15.242242
-4.6270213,-7.389829
-0.7190878,1.930359
11.210902,-7.251686
3.54381,22.255922
-2.8364239,-5.263042
2.750425,16.352781
0.6799431,15.432893
2.2313058,20.637156
-0.55146104,3.594599
14.5757265,-7.730081
8.003468,-7.154054
-2.708547,-5.1125565
0.932,9.881295
-3.0326746,-6.288893
-0.17561059,1.5628635
-2.1163507,7.8613315
2.496559,21.813889
14.182456,1.6258503
8.36498,-7.592796
-4.594693,-7.216429
-5.9840684,-7.7393026
12.843139,-7.7418714
2.5041118,21.823185
11.592735,13.950685
9.695124,-7.351344
13.274934,7.9388943
10.991714,18.127853
-2.4320517,2.56999
17.191916,-2.8258512
13.654245,18.365734
4.567999,21.527752
-0.113468006,1.2747227
11.205149,15.679176
13.234748,-7.4074755
14.152942,1.5701001
13.932947,1.3974199
2.442354,20.43426
19.13547,10.880359
-2.2933805,2.4564795
9.295146,16.523958
19.151037,10.895901
19.126595,10.870865
-3.5334911,8.421203
-7.0526724,-0.40671507
-2.0898275,2.3038065
13.183274,-7.5137653
11.955098,15.62188
-2.280247,8.183093
12.568389,9.608167
2.5576215,16.381504
-2.5947366,7.0782256
-1.4622734,-5.8908176
2.7595391,21.97548
0.7821509,15.60254
2.7548883,16.398773
12.664022,9.419664
-0.807111,0.3937915
10.7196665,15.1074505
8.43727,8.970129
11.029518,0.96254945
0.9272801,15.306872
16.308119,4.022656
13.056551,-7.506316
17.314548,-2.8224347
2.0172665,16.578268
3.160907,12.3029375
-0.86803436,0.3725157
12.175948,9.059919
2.605032,16.37229
10.49719,17.925205
2.536231,21.823898
1.1874906,9.969692
10.069557,15.603389
-3.0282342,-6.4922953
13.07066,-7.4980645
12.854619,10.02349
7.7659535,8.592922
14.02615,1.3168344
-5.5988193,-7.4928565
-7.047097,1.2985027
-0.7647961,0.5865704
0.09561377,15.239616
11.693561,14.037054
-7.7607417,-0.41028443
14.671617,3.27254
11.026516,-7.3912654
11.286821,14.515846
15.766413,4.185877
3.357481,20.16973
3.921776,22.185738
9.5798435,16.646385
13.527838,7.5550833
0.74871874,21.073458
-0.42539236,-5.1417646
9.537038,16.165031
8.375749,-7.5831037
11.519269,13.474639
-0.046210285,2.4246454
9.832203,-7.3228016
-0.40266,-5.150343
11.813442,13.202749
-6.3003845,2.6327913
1.0306145,1.6335683
13.035744,9.199235
10.515966,17.941576
10.277808,15.636104
-2.1038215,7.776696
13.513414,7.3449726
13.295762,-7.457926
13.515307,6.1892443
13.925545,18.255436
12.573066,9.565071
12.814059,9.09449
-4.589209,-7.42778
-8.494505,0.932048
14.158531,1.544937
7.905201,-7.070468
-2.2767167,2.4412389
13.333492,18.32323
11.330507,1.2351656
-7.6627927,-0.37293854
15.350381,-2.2592235
11.302612,1.1897407
17.376936,-2.6011443
15.24901,-3.525355
2.7607791,16.350706
-3.034422,-6.561916
15.115091,4.1342907
8.330945,8.920236
-0.15793437,1.6482663
12.855438,6.6916056
13.45252,7.677966
9.62156,16.549334
13.208183,-7.5203147
2.359229,16.39698
-0.87113476,0.38277224
-0.3516372,1.9271921
10.222787,15.828308
3.4992409,22.269815
-1.2864043,2.0924563
-6.1286335,-0.9335841
-7.747271,1.1310514
17.200462,-2.8362203
14.590124,-7.7372265
17.063505,-2.7298725
4.268155,16.223104
19.131138,10.875898
-1.6206328,-6.09069
11.587779,14.859621
-6.2534285,-0.838899
11.876034,18.244925
3.433749,22.221048
-1.8469837,2.2493472
1.5446595,9.9493885
8.374998,-7.420741
-1.5328054,-6.9421506
10.137906,15.659606
-6.59978,2.293962
8.120635,8.66523
-0.2740868,1.6707902
-2.7541173,8.64165
13.354305,18.268583
-6.5544004,2.349167
13.448493,18.253277
4.3415246,21.684307
-6.889353,1.6077336
-5.1059566,-7.36082
8.438124,-7.6554255
2.8770797,12.44477
-6.164614,2.7766643
10.896286,-7.48111
9.927947,-7.413576
-2.4420323,-3.5686426
13.453022,7.2954426
12.700564,-7.3171196
1.0801127,15.35237
13.433085,6.546254
9.359687,-7.415008
-5.94685,-7.718471
-2.7431307,7.233464
11.023023,0.95358855
-2.5766828,-3.6331353
-8.249287,0.82458013
8.297182,-7.4049377
-1.2343715,-5.48336
-6.487177,2.4327717
-5.9422965,-7.706185
-6.224933,2.7121952
15.581117,3.347561
13.989719,-7.686379
-2.345714,2.5031133
11.473131,13.513679
-6.096553,-0.9512994
15.132167,-4.1427293
-8.478975,0.9222877
10.129769,16.257158
11.29837,1.188325
9.385637,-7.4187894
14.566759,-7.736097
-2.9900188,8.456957
10.491009,15.89799
11.121881,-7.3335595
9.613742,15.928776
13.462927,7.66869
-0.010012047,2.2825902
11.69911,13.619734
0.29740307,10.29566
13.500278,7.2626657
-2.8917003,-6.5321193
15.908377,2.701673
10.858658,15.764259
14.07846,1.407228
12.067177,12.83086
1.7897842,20.432482
0.40445957,10.170836
-2.4272976,2.570737
-2.1345248,2.322066
1.7273567,20.406973
13.552135,6.2119813
4.3649287,21.672583
9.757317,15.793023
1.5722058,10.015362
11.202963,1.0693688
13.494356,7.3268585
-2.3070333,8.336945
-2.3422005,8.552412
-0.10201897,1.3111645
5.014641,20.530216
15.648118,-3.0606632
12.042437,12.979294
-3.0512795,-6.5592012
15.582073,3.3155491
12.794617,-7.74816
0.47952542,21.215006
13.135452,-7.5198555
15.515577,4.3533244
-3.1116467,7.722533
0.85239726,21.034222
14.211764,1.9375522
-2.6336336,8.571618
11.979726,12.954328
11.044889,14.7462845
13.294722,8.148845
2.1800818,16.348232
15.804991,3.6639833
-2.6876512,-5.012272
2.3886921,20.476248
10.963875,15.73212
14.410308,3.3253617
11.192106,1.0637817
-3.0109189,-6.5384173
11.978277,18.305613
11.178232,1.051331
13.011753,8.911409
3.2012823,12.263417
11.1747,-7.3231864
0.9079768,15.6084795
13.178678,-7.53499
12.521427,-7.298055
-2.501862,-5.504841
1.089887,15.351086
-1.1437539,-5.341421
16.44123,4.02426
17.255875,-2.945547
15.290116,-3.4849148
11.603971,13.916695
10.73237,-7.3628826
16.780281,-2.5496597
-6.529488,2.3702154
7.949868,8.572648
11.101612,1.018352
-2.2877617,8.307588
-1.3339188,-5.4203124
8.009306,8.569825
-3.2005763,-6.3301997
-3.0478282,-6.551795
-0.8252523,0.44631672
12.035318,12.907588
1.9468327,21.243238
2.8478773,20.258415
10.799819,-7.376357
0.41622818,10.197707
15.3060665,-3.4594915
-2.5230093,2.6593528
13.974516,1.3409902
9.71873,-7.3758726
-3.0697713,7.7334585
-2.497178,-3.6057901
-0.3546293,1.8239336
-0.05304918,2.366749
-6.3072033,2.6226225
14.16191,1.5844927
12.268049,8.987949
-3.1937852,-4.1597896
-7.673031,-0.35512492
3.952222,20.09517
-4.677049,-7.214674
2.7603533,21.97566
11.36113,1.2483383
11.199494,-7.286649
0.7925059,9.915431
2.9291387,22.058805
-0.7652422,0.5765738
15.708965,2.528834
-3.2401628,-6.3709064
-6.906,1.7855974
11.070201,-7.324004
9.821315,15.674473
13.897248,-7.720418
-0.47243047,-5.106522
15.831046,3.353681
12.724175,9.399611
8.426296,8.965172
17.745691,-2.5825937
0.6049463,21.135174
17.144224,-2.730034
8.325995,-7.4309764
10.245176,-7.345703
10.760781,15.130482
11.285955,14.508349
10.36259,-7.4085674
14.573648,-7.7372017
3.3877068,20.167578
-7.690858,-0.45994967
12.344344,9.125989
-6.781013,1.8089561
-3.1898901,-4.171437
10.977629,15.7632
-0.7576828,4.0324154
11.649489,15.530899
1.0416893,15.659497
-3.2206497,-6.21072
11.673323,15.480806
7.9357195,8.541364
11.1388035,-7.280004
12.689928,6.6240945
15.885895,2.8416464
0.07501438,15.216672
11.566624,13.555555
11.289445,14.50549
2.9505463,20.212397
17.207802,-2.9384491
16.4357,3.9920087
10.319228,15.95372
15.956589,2.7256813
3.489318,22.279003
13.149713,8.243036
-3.344518,8.4930725
-6.1197176,2.8275814
9.382942,16.176987
-6.3732715,-0.7550301
-0.12813361,1.2664971
12.726157,6.6362524
-1.3119386,-5.481492
1.9915388,16.604073
1.7444378,20.392475
14.981725,1.4690077
13.945713,1.368659
7.8824944,-7.047095
1.9944617,16.601826
-6.2059183,-7.958357
8.385561,-7.5801573
-3.1135488,-4.0551667
-1.3293657,-5.3917365
17.345797,-2.7807705
-3.4080012,8.583664
-1.6764133,-6.1865034
1.1709362,9.968028
-3.5624719,8.406667
-0.27492988,2.7352147
16.836752,-2.5283043
15.396917,-3.3171644
-2.9832222,7.852942
3.6053388,22.236382
13.934712,18.2654
11.282093,1.1717539
17.74277,-2.561138
12.561659,9.616892
7.984695,-7.143187
17.753378,-2.5617232
14.518774,-7.747002
10.117462,-7.320421
11.316684,14.481908
-0.15020151,1.3349642
13.960416,1.3633641
9.458239,16.359957
-2.5376477,7.0819073
-7.547327,-0.24426953
16.404324,4.000952
4.2201505,16.277777
-0.56050664,3.6302893
4.2306867,16.253067
-3.2496529,-4.2731104
10.894306,16.055197
10.650156,15.8782015
-0.19254789,1.6685208
-3.0600703,7.7267714
0.3613912,10.225016
13.774961,18.286955
-0.0030017614,2.2494678
11.9496765,12.957414
-2.7104833,-6.3055286
-1.5508391,-6.9162574
9.749924,-7.3743725
1.14467,15.285941
-7.750274,-0.41402376
-2.4498217,-3.5479972
10.853451,-7.536777
-8.469871,0.9102316
17.1653,-2.8387568
13.143173,-7.597357
-3.394716,8.582685
15.018452,-4.280999
3.566685,22.306173
3.4507887,22.242561
3.780785,20.090925
13.294546,7.961447
14.100593,1.4541463
10.023106,15.583469
10.42666,15.88389
1.8738186,20.411943
1.0702243,15.70217
-7.05453,1.2720203
2.6108663,16.364002
8.261807,-7.3868527
4.295811,16.18004
-5.448936,-7.574658
9.365572,16.264091
-1.609477,-6.737749
1.7587937,21.043718
0.82045186,15.58531
-2.2839866,8.335299
11.223836,1.085418
-1.5605392,-6.073005
-0.55213237,3.6335986
-2.721931,8.658753
8.306691,8.849013
15.042383,-4.2502065
12.752118,9.301481
-6.434028,2.4848504
15.4134,-3.2967942
-6.614982,2.285032
-2.526241,2.6615722
-0.7570215,4.011242
12.029566,13.013228
2.508815,21.829344
11.2386,15.627475
-2.5664208,7.173469
9.599072,16.584398
-1.5429031,-6.929283
4.9576845,20.58376
-5.514871,-7.6170197
11.781477,13.341254
13.987095,-7.709139
-2.5390708,2.6726203
-5.5369205,-7.4420843
14.159172,1.5592302
-1.7129207,-6.1767883
9.627721,16.18329
-6.115678,2.8314302
11.92314,13.40357
17.695028,-2.5233922
-1.8118451,-5.9874525
0.69572175,10.182213
-1.5859478,-6.7588525
9.40849,16.38188
10.467473,17.916822
-7.215195,-0.34458768
3.5220678,22.312662
10.770802,16.123936
15.9204235,2.6737404
4.207034,16.276213
12.270639,8.998095
-2.6099286,7.1071005
12.0172415,15.668425
13.221438,8.177971
13.273772,6.7101326
11.576116,13.840264
3.949022,20.107191
-1.553215,-6.9035225
0.6376058,10.155905
11.0417185,0.9690793
-0.84061134,0.47502813
11.926556,13.093066
13.250241,8.239812
12.620125,-7.318693
7.7717967,8.589729
13.068714,8.844845
3.4859462,22.2754
12.0081005,13.342963
-2.0793657,2.2920446
9.785643,15.960274
0.82561624,15.3650465
-3.2279887,-4.1843905
14.386611,3.3742144
-1.2770635,-5.554097
14.574967,3.2622032
-1.2176825,1.9394835
0.7110601,15.523815
0.38661394,10.2034445
10.039552,16.213356
11.959149,18.295818
-6.961773,1.4580588
7.8993154,-7.0643144
9.83655,-7.4714284
8.352566,-7.423083
4.2609777,16.22451
15.288256,-3.4822674
11.587084,13.945124
10.348205,15.895372
15.898405,2.8133147
-6.3722143,2.5518715
13.453568,18.329653
14.940942,1.4247645
15.105441,4.1327114
10.868741,15.720609
12.01488,18.319534
4.996866,20.55255
17.362059,-2.620276
12.791109,9.262254
19.120804,10.864709
14.224033,1.9198663
-4.5724645,-7.407747
-1.9849794,8.496108
3.6193783,22.248228
7.794041,8.605576
12.868897,10.061878
-5.672601,-7.588579
-0.8544017,1.4552101
15.897036,-2.9154096
0.7202741,10.163313
13.19451,8.185052
14.74578,3.2618632
15.217214,-4.00279
14.548922,3.3011487
16.305552,4.060963
15.308331,-3.4287894
0.64982593,15.426271
-0.33269206,1.8266286
1.2932993,15.319121
12.585865,9.604269
9.862849,15.637911
15.346201,-2.2584527
17.813324,-2.6310475
14.022512,-7.7516284
-0.07687979,1.3786067
10.906992,16.076067
10.804231,15.798415
14.593918,-7.7379894
11.171034,1.0394771
-3.2090147,7.8195033
9.393171,16.357763
15.103276,-4.195621
13.942374,18.212896
13.933565,-7.6821218
10.044075,16.204504
4.0511913,22.097782
13.155746,8.18915
-7.6970625,-0.39562258
18.002213,-2.8088982
-2.5349238,7.0737524
14.575504,1.3457191
-2.1000042,2.3100064
-4.56643,-7.406937
12.901756,10.014621
3.3655903,12.176539
-6.131055,2.8155756
-7.646504,-0.3659309
0.3990234,10.206406
13.190923,8.170412
-0.80921334,0.47229612
8.40954,-7.38319
-0.7707136,0.5508189
9.524133,16.263945
-1.3143333,-5.51268
-7.0181875,1.3907739
-7.6890326,-0.43115026
-2.916019,-3.8153825
1.9811699,16.577847
3.3405426,20.171759
-1.4780996,-4.0203953
10.859786,15.755335
1.9772217,16.618696
10.924907,16.069532
-7.1297946,1.2248665
4.1626096,21.748344
-5.6008525,-7.503637
17.232641,-2.7217226
-6.958467,1.6867036
16.794094,-2.4801016
8.940627,16.5593
13.639712,18.321815
11.480491,13.533749
-0.21240065,2.6910963
11.535476,15.563638
2.6012375,21.893774
10.2061615,-7.324007
-3.5543153,8.429885
14.329661,2.7012556
18.044006,-2.8393145
7.7771306,8.56532
9.77414,-7.43117
14.439488,3.0720851
15.13136,-4.1630564
11.748299,15.53695
-0.3095186,2.7389574
1.1971492,15.228501
-3.4026146,8.527241
2.8906758,16.345104
-6.889611,1.7899616
7.915191,-7.0752654
-6.3483596,2.576606
1.5553234,10.016401
11.363764,14.368942
0.9084397,15.5763445
0.112359226,15.250739
-1.5808626,-6.804172
2.8941925,12.451489
10.8367,16.102291
-2.4784212,-3.5944338
1.0551835,15.399929
-5.9081283,-7.6948757
1.0302349,1.6379598
-2.8681216,-6.341681
-1.3104688,2.1150982
2.832266,20.261374
-3.2677422,8.68169
11.053979,18.141895
13.905365,-7.6764574
12.514116,9.447844
13.926651,18.263998
18.04313,-2.8323393
16.413038,3.9941058
-2.0384157,8.491828
-0.30840403,2.9314604
-2.2149704,7.7278876
1.3294404,9.969089
-1.5524719,-4.055742
-1.6826632,-6.1915913
13.425627,18.32901
-2.5497737,-3.6542032
7.787542,8.595081
2.2723796,20.543406
1.0775543,21.04719
7.9320235,8.582876
10.15238,-7.3333635
1.8885719,20.944466
13.015484,8.917829
-2.1955886,8.546325
10.36828,15.787145
-1.5669105,-4.082189
-0.40334675,1.8903642
14.998044,1.4342034
-0.5692307,3.6005635
9.782294,-7.431262
-7.2715054,-0.09873255
0.72884214,15.465269
8.369201,-7.580668
-2.9338202,-3.840738
13.118693,8.2818575
19.134525,10.8793
-0.7475956,0.5613352
-2.2787123,8.3279
3.7367682,20.09016
0.7252892,15.588261
7.9992495,-7.165092
3.8405054,22.18515
1.2042638,15.232407
9.521541,16.274141
-6.23499,2.7047565
-5.3904595,-7.569537
-0.6873726,3.886892
10.302154,15.9721985
10.101164,-7.330593
-0.18207303,1.3902209
0.6804874,21.083584
13.212539,8.6514
15.873293,2.7788222
13.049488,8.950559
-0.6510702,2.560596
-1.8967321,-6.1159196
13.980652,1.3188387
-0.9224602,2.4612103
13.9634495,-7.691448
-0.45166314,-5.119783
-0.8177977,0.4491285
3.9994698,22.120033
-3.5073197,8.466541
-4.9415293,-7.345475
-2.6580946,-5.271693
-2.5490153,7.0696673
-2.1764219,-6.0567775
2.04331,16.55062
13.2149105,8.643013
12.266947,9.00183
15.784906,3.1382027
0.8928447,9.893485
-2.4496956,-3.5687788
12.713615,6.639961
0.2867287,10.303439
11.135538,15.702216
-3.2950883,-4.3175817
-6.340094,-0.77548844
12.762233,9.3769455
4.5231795,21.589182
-2.5501006,2.7623692
-6.554951,2.3612132
2.3092856,20.505089
15.7808275,3.5700986
13.457789,18.239223
8.42081,-7.454122
12.178843,9.074595
-2.7175393,-5.1765733
17.186434,-2.9285715
-0.1928312,1.1800821
-0.1385999,1.4060701
10.1947,-7.352924
13.140288,-7.577679
11.083752,-7.354551
17.702017,-2.5562067
13.520363,6.2214017
14.960154,1.4553481
-2.264742,8.581347
1.1683413,15.25914
9.57583,16.563747
-0.81436294,0.45997804
-2.3306003,2.4918237
14.421036,3.0450823
11.024846,18.134228
12.871695,10.056088
9.6173315,16.072279
0.6594515,15.48125
-7.647955,-0.36334968
-2.9470675,-3.8459933
15.006203,1.4772849
-2.254726,8.560809
15.17146,-4.0013437
12.768846,9.329984
-7.4886947,-0.285342
-6.165725,2.7762735
3.7318122,22.2035
16.920002,-2.6229641
2.9012718,12.445293
-7.657497,-0.32632315
-2.506732,-3.601081
8.333742,8.921975
14.935107,1.3534298
0.5883598,10.179428
-2.9901354,8.68659
-0.8019191,0.5459567
2.9127157,20.23957
9.730104,-7.421196
1.4112546,9.941587
2.1750531,21.46165
11.529488,1.4800054
-5.402638,-7.3956075
14.231661,1.541587
2.649013,20.330547
11.960246,13.333903
-1.273287,-5.551216
-1.5094291,-4.0128465
-1.2468601,-5.506769
15.142565,-4.130506
-2.6476119,-6.334047
7.937327,-7.1014776
16.461063,4.037635
-2.479952,8.657072
2.769923,20.279682
13.450515,6.5428367
15.2105255,-3.971445
-2.7269156,7.224491
9.221981,16.441843
-3.172316,-4.150372
15.360319,-3.366853
2.3645852,20.479794
14.429788,3.3580523
10.6955185,15.909084
13.486074,7.5936627
16.436134,3.966289
-0.41395015,1.9915295
-4.6155066,-7.202087
-2.470528,-3.561143
-2.9484146,8.706966
11.652101,15.523644
13.510341,6.938804
11.466001,18.193449
2.782151,16.354067
-3.2426434,-4.2449307
15.130719,-4.1915956
3.6334734,22.25101
-2.1290672,7.800263
15.281868,-3.4865282
0.9498988,15.450249
15.165661,-3.9160864
-6.113021,-0.9439004
14.92567,1.3867389
9.481966,16.105112
9.90829,-7.3274097
10.802909,15.083997
9.356178,16.206701
3.235457,12.260889
4.9673567,20.57691
7.890947,-7.050649
10.5059805,17.9351
14.582771,3.276453
-1.6201029,-6.8264213
-3.1213052,7.642748
14.966498,1.476435
11.801307,13.407261
-7.6886535,-0.4256758
-2.961762,-6.518965
2.6043997,20.356714
11.95007,13.290476
-0.09391061,1.2945932
12.01499,12.941083
12.913011,8.598251
13.508484,6.9880753
8.14661,-7.2904496
14.980828,1.5264208
-5.950893,-7.712658
-1.4792562,-4.0222993
9.666984,15.824851
19.145561,10.890318
1.0878661,10.012811
-6.5236464,2.3838646
13.477664,7.4535804
9.630885,16.18789
-1.3076452,2.1711946
8.899193,-7.4035707
-3.2090015,8.715037
0.74017984,21.074339
-2.2335715,8.446693
-2.389347,-5.836155
2.882191,12.455906
13.266719,8.149103
-2.2479339,2.4169164
12.623314,18.307863
-1.773521,2.2457235
10.60712,17.987917
10.509195,16.11243
-0.025192713,2.3029974
-0.82483894,0.43700057
12.974743,-7.650855
16.399351,4.027468
11.64759,15.5561285
-2.9248927,-3.8291042
-2.478958,-3.5861108
0.67479783,21.095581
11.729886,13.541283
-5.1307187,-7.3351855
-3.1349893,7.6730766
-7.0646443,1.264513
-1.5524267,-6.904774
10.382595,16.0291
-3.2952924,-6.137806
15.429411,-3.247258
-0.74669385,1.8874007
13.164518,8.638966
16.7801,-2.5478077
-3.0248418,-6.3996086
1.4750669,9.974831
-0.29154366,2.8597775
-5.933598,-7.707119
-0.74272245,4.01205
-2.8729918,-6.3437824
-0.30174327,1.725503
8.43902,8.975432
1.9314892,21.212626
13.1207075,-7.508004
0.28402758,10.3206835
14.55201,1.3569645
-2.5621238,7.094463
-4.620602,-7.4399495
-2.664067,8.694672
2.0872316,20.749113
-3.1210387,7.6312714
2.323508,20.510557
-1.3903995,2.201218
-6.2655416,-8.00483
14.513264,3.314642
0.5981779,21.181086
-2.002658,8.515194
10.520071,15.973515
14.743119,3.2239978
-6.9987593,1.3901837
14.170716,1.5449954
13.395847,7.5957675
11.734083,13.602087
11.946486,13.102193
15.639718,-3.013297
15.933264,2.7102828
9.444804,16.19769
-2.0076673,8.467692
12.153528,9.06213
5.0052614,20.538015
-7.617738,-0.40438485
2.509709,20.399029
11.505775,1.4582081
11.690325,13.564224
10.804433,16.15954
1.2761142,9.959573
-3.0958452,-5.50446
15.79319,4.192115
12.88163,-7.6944976
1.2446773,9.977952
-0.18399665,2.619465
15.206087,4.133138
13.148359,8.800031
9.54096,16.71284
-2.9854918,-6.3914948
-0.59937805,2.5547426
-4.653098,-7.471412
3.7173057,20.083258
13.192352,8.232045
-8.30544,0.82099926
12.997491,-7.6363263
7.8764668,-7.04514
14.961986,1.5727314
-6.131794,-0.9309582
1.9993801,16.611315
4.9464684,20.583582
-5.441351,-7.4575744
-6.273714,-8.008357
-0.7986741,1.5010359
14.040273,1.396414
-1.4659754,-5.88736
10.876772,-7.398736
0.76408124,15.416735
0.3150252,10.271423
8.449544,8.943115
18.029507,-2.8245757
-3.0199065,-6.523406
13.507561,7.355059
-2.6140919,7.1186204
9.668722,16.574175
0.506958,10.227163
-4.6346827,-7.450053
-2.49,8.70962
14.444524,3.069849
11.917242,18.267189
3.1446757,12.300076
-2.6307068,7.128839
-1.877593,-6.125006
13.243982,8.22549
9.774572,-7.409753
-1.4790484,-4.0223107
12.575267,9.600242
9.6682625,15.80026
15.511866,4.320081
14.012998,1.8067721
1.6069287,9.945096
-7.1387644,-0.35634333
10.888416,16.01606
11.209629,-7.2780757
13.439813,7.8375463
15.715025,4.177515
15.837244,3.3069637
-6.27765,2.655505
15.338418,-2.2366505
14.710253,3.2309432
0.48581266,10.183107
13.123136,8.811747
13.196722,8.188534
12.700387,-7.2994266
-6.5705175,2.3352497
-0.7875058,0.54068595
-3.2490067,-4.269458
-0.56918985,3.657662
16.708261,-2.6562037
-0.06452856,1.2791325
3.365589,12.169477
14.6891165,3.24916
12.183519,9.077944
15.353129,-2.2772377
0.6895664,15.467717
2.516819,20.39549
14.17342,1.9030014
11.325079,14.4507475
-0.57835895,2.5524848
17.542671,-2.558673
11.778809,13.395979
12.835961,10.035302
-0.75405014,4.0138206
1.6868228,10.1575
2.490236,21.808594
-7.1812954,-0.34316933
8.010498,-7.1664915
-6.2487283,-7.989784
8.411927,8.952858
17.573532,-2.6392374
-0.3529478,1.9063452
9.685912,15.835621
9.836337,16.502712
-2.4638643,-3.5874686
-2.6249807,7.1467094
0.6480609,21.104095
-7.055032,1.3022059
1.2716415,9.972211
7.742249,8.566927
2.8887258,20.243034
14.585532,-7.7370825
-0.7859023,0.46376806
-0.41790697,-5.142707
10.762545,-7.57538
-0.36087358,2.9845078
14.505705,1.3849818
-2.2551277,-5.374358
-2.577919,8.493234
11.461168,1.2377039
4.8888106,20.740526
-4.7282233,-7.513732
1.9918584,16.603113
10.790667,-7.5568695
9.550385,16.649323
10.785066,-7.4240446
-2.1305614,7.835114
3.3421686,12.188866
-2.6384363,-3.662051
8.394827,-7.612121
-5.99161,-7.7530584
-7.6257343,-0.3011138
10.778918,-7.597523
4.162852,16.274483
11.020579,-7.417855
-0.29358146,2.774816
-5.513717,-7.4339023
12.288773,9.158322
-2.547482,2.6831722
15.847702,3.2975757
13.955455,18.284224
8.982037,16.594402
-7.7006183,-0.4299377
-2.5309458,2.6817296
7.893783,-7.0504317
-7.634871,-0.35592854
-3.2573144,-6.166208
4.2878904,16.192041
1.5294805,9.990227
11.924351,18.267326
13.498332,7.08817
-2.523846,-6.007473
19.135332,10.880191
14.423527,3.3469956
3.0229096,22.102873
10.230462,15.976805
-0.3897919,1.8229654
-8.476718,0.92281497
8.365627,-7.430108
-5.63388,-7.515697
14.94894,1.4469979
-6.4031515,2.5154693
8.329173,8.890472
10.594602,17.986404
12.842661,8.753582
2.53303,21.843287
-2.7537098,8.6700325
11.7931595,13.368988
9.390393,16.204556
15.805489,3.5582438
2.9203722,12.429127
1.6171494,10.015964
-3.2939253,-6.1140847
16.761456,-2.5371943
13.963099,-7.661959
1.0371305,1.6514328
1.9309131,21.222567
9.745399,-7.4076476
16.734367,-2.6021044
-4.568282,-7.172703
-5.568,-7.463893
4.223873,16.259832
12.902402,10.025053
-2.6740284,-5.2761397
11.017498,0.9483288
9.574428,16.3067
0.9277553,15.307523
16.404144,4.019396
13.423864,6.6124125
13.392231,7.703778
-3.139052,7.620351
15.891606,2.8481889
11.870489,13.381046
-2.6088657,8.555133
4.0157423,22.118269
13.182351,-7.5250793
-7.1269255,1.2032957
-6.4936514,2.4206698
9.904975,-7.3075695
-5.0662804,-7.345986
11.049988,18.138836
14.121334,1.8418515
2.754916,16.348845
-2.076752,8.3396
-2.0680428,-3.6597939
-0.7703478,4.0415244
11.933323,18.275461
-2.5619066,8.503581
3.5618172,22.247791
-1.6914296,2.2083774
11.983454,18.288652
3.1775973,22.154099
16.840816,-2.5454476
12.824734,10.149885
-3.355699,8.529998
-0.32446906,2.7911222
12.817537,-7.7493396
14.530952,-7.74326
-1.4873905,-4.0145645
4.023987,22.130516
14.608776,3.2915068
11.994502,18.298351
10.853574,-7.5690017
4.9403467,20.595589
13.379124,7.732049
-6.242335,-7.9824433
3.5241392,22.253632
10.866927,16.068993
0.6147891,21.135435
12.707619,6.6204057
18.038704,-2.835706
11.158066,-7.320404
16.839247,-2.5564833
2.0055933,16.560837
13.533223,18.175045
15.63895,-3.0395274
-3.1387951,-6.3858585
0.54093844,21.173508
8.415713,8.963334
11.937226,15.606892
11.875646,13.291412
1.7618958,20.395348
12.742238,9.379732
-8.205422,0.7990794
-7.322927,-0.3390001
1.015441,15.683288
11.530468,13.507686
1.1910512,9.977051
13.445709,18.328388
14.582729,-7.7017813
-0.843408,1.5089015
2.2670362,20.556425
-3.032374,-5.3253393
11.200432,1.092828
15.385808,-3.3015494
13.91653,18.262442
4.5348215,21.609058
10.502684,17.938267
-7.526672,-0.25168985
-5.543473,-7.4494047
10.461566,15.972882
11.850414,13.237884
4.8474274,20.693771
13.527024,18.188206
-3.2353356,-6.1950126
12.73032,9.386488
12.723781,6.657837
13.104644,-7.578693
2.4137764,16.38252
12.731586,6.6458755
15.506122,4.241962
-6.5658383,2.343778
2.5053935,16.363344
13.196804,8.173447
4.528971,21.597584
15.121331,4.118451
11.52505,15.415954
17.211962,-2.9176843
11.503383,1.4552103
15.035999,1.473589
15.15903,-4.070299
-2.2376685,7.781337
13.911443,18.267635
-1.581399,-6.8821054
17.761068,-2.5828109
11.914424,15.60016
10.388299,-7.3233414
15.0608835,4.0691595
-3.321084,8.550351
0.6926423,9.864629
3.3428063,12.191446
10.822183,-7.5280437
12.921362,8.883447
10.319576,-7.4511294
7.870962,-7.035468
-8.277097,0.84129
-1.5086125,-4.011983
-7.274157,-0.3221131
-0.39389685,-5.1633472
-2.4463184,2.5905585
0.12225535,15.251376
4.5098577,21.606024
3.295603,20.19077
9.249305,16.60988
10.989424,-7.3636518
-4.6935368,-7.2242727
7.733182,8.586935
-1.4598718,-4.014497
-1.54822,-6.9241357
14.043361,1.4904146
13.161806,8.158253
-3.2805054,-6.171854
-2.7293303,8.669507
12.728676,6.6406913
11.924493,15.602869
-2.8915806,-3.7991567
1.9989389,16.602627
-3.1079473,8.673356
9.765945,15.731316
2.561411,21.860397
16.382496,4.0398993
0.5706494,21.164648
17.654366,-2.7540343
16.284058,4.004429
1.9885705,16.595121
5.009758,20.534681
-5.5551224,-7.514067
-7.444932,-0.28795475
17.563059,-2.5402117
1.5399231,9.972649
10.797516,15.052716
17.178587,-2.7446358
3.507986,22.260374
8.338909,8.923795
-6.092748,-7.841897
-2.0629342,8.451459
9.653815,-7.419171
11.025548,0.95600355
15.85565,3.2625637
9.886703,-7.3234553
15.371282,-2.3183057
11.522563,13.53316
14.173779,1.5768788
1.056703,15.617852
-2.952947,-3.8616903
12.879072,6.706319
15.410862,-3.2649546
-6.245983,-7.9872494
11.310015,1.1946995
9.442926,16.105556
-0.0007340297,2.3402617
-7.7308135,-0.40733093
4.993757,20.537481
-0.39603332,-5.164111
0.5928075,21.156168
-6.9076405,1.5758175
-2.6376393,8.668338
-3.117075,-4.0725718
9.476268,16.184544
0.5586255,10.187793
4.3332725,16.154106
14.357414,1.9826453
9.394307,16.524221
17.518707,-2.5384986
12.979132,8.901466
7.791739,8.608005
-2.9864771,-6.471962
9.220265,16.477034
-3.5171273,8.456957
4.2180867,16.265669
14.057175,1.3924935
-6.1249533,2.8211873
15.922598,2.755935
11.67779,15.490781
12.4993515,9.4723625
-0.3525614,1.8567212
12.863568,8.797923
9.281845,16.294037
-7.1318903,1.2162662
-8.467923,0.91363657
-2.2177777,2.387984
10.446993,15.921875
-0.2697147,2.7312832
11.903143,13.107328
11.094822,-7.321113
9.543725,15.961298
5.006653,20.54205
4.9694204,20.565214
0.65507656,21.099215
7.816934,8.613312
10.346706,-7.3270516
12.999003,8.885733
10.293689,-7.339835
9.354994,16.519758
1.954171,20.885977
-2.679888,-5.279908
-3.057917,-6.4801774
-0.23784393,1.7464672
13.984285,-7.728344
10.895698,16.0328
-2.9410622,-6.45818
1.1107851,9.975918
13.022514,8.9952135
1.2231249,9.966122
-3.2559354,-4.3134627
12.575324,9.592427
3.0742373,22.110397
13.458459,7.0215034
1.5709645,9.967572
-3.3208015,8.520288
1.9837607,21.283724
-3.622772,8.356613
3.605675,16.375813
13.237729,-7.5054593
13.440235,18.301018
10.970003,15.788457
10.974727,15.738323
15.506427,4.1021867
15.091926,-4.210199
2.8488605,20.255495
-7.1246753,1.0637313
4.9844594,20.559528
4.0005937,22.119421
13.135143,8.233865
5.01718,20.530426
11.619875,15.487819
11.93097,15.599838
14.926378,1.4120013
-5.5757914,-7.4108543
10.786289,-7.573429
17.091282,-2.752836
-2.6481473,-5.3172426
10.927977,18.105785
13.063588,8.926127
17.225704,-2.8794024
8.42402,8.966089
11.036056,0.9650169
0.106170624,15.252541
8.311517,-7.390725
14.945725,1.5441021
1.7557634,20.394846
9.324536,16.266214
10.204189,15.882265
2.2098427,21.49889
11.662223,15.521715
9.410751,16.170637
0.67398816,15.485331
13.588174,18.172647
4.2392564,16.246288
-2.4614937,8.446543
2.92709,16.349928
13.583401,18.206837
-2.7130976,8.557757
-1.2498039,-5.5006156
10.870418,-7.401112
-0.20741366,1.2041068
11.385394,14.368837
1.5421522,10.34297
12.871098,8.721416
11.61069,13.535614
13.515197,6.2388487
14.885293,1.4554663
7.8727684,-7.0416427
3.6453362,20.116594
-0.4519007,-5.1312885
15.340762,-3.432214
7.7738404,8.574587
16.02636,4.0262637
12.853892,-7.7020063
8.383718,-7.5846148
14.748975,3.2688258
10.72321,15.105263
17.584372,-2.6695547
13.94937,-7.6906204
-8.496727,0.9418637
14.580287,1.3513532
9.617649,15.928271
16.604145,-2.728578
10.155096,15.87598
13.847608,-7.6577287
8.457288,8.971243
11.946687,13.286154
14.936593,1.6199886
9.805886,-7.4359016
13.5063,7.4608765
-5.435855,-7.576999
-6.000742,-7.7738137
4.2592635,16.231068
-0.13563912,1.2706194
1.7094145,20.448782
-6.1018534,-0.9532508
-2.6991088,8.646288
11.70305,13.670649
-2.093178,2.3052354
-2.8740606,-5.3207784
14.361422,1.9885114
0.68532085,10.166355
-0.57969385,3.6664252
11.638191,15.494963
13.452998,7.241403
-6.2358403,-7.9783096
3.2855926,12.231438
2.5146983,20.398842
-2.1883292,8.497878
15.42208,-3.255614
11.35426,1.2542043
15.373152,-3.3405962
2.2685785,20.50128
2.656084,21.920488
-1.9028726,-6.110522
8.142245,-7.297898
-1.9002737,-6.107811
7.8186345,8.626477
11.544878,13.956734
15.099346,-4.2142677
-2.078084,2.297635
-0.29355356,2.72882
12.389675,9.274339
-3.1234484,-4.07653
12.219814,9.024989
11.441311,15.558724
0.7226778,21.0805
-2.1367428,7.8180456
0.66494244,15.48581
17.7124,-2.6810765
15.9182205,-2.905498
-3.128367,7.6235604
-3.589866,8.374941
-4.5632863,-7.1826024
3.6959853,22.205397
-6.093287,2.8539226
1.6504482,10.036808
-2.1385665,7.866517
9.738609,15.785121
-6.2685747,-8.007337
-2.5438132,8.529742
16.141617,4.066232
-2.1429706,8.061164
14.227011,1.9424715
2.0313404,16.563185
-0.4373261,-5.132633
-2.406056,-5.8998756
10.624319,17.980385
13.927241,-7.693674
3.8716269,16.324265
2.453886,21.767918
-8.49619,0.92874485
-8.493497,0.9297064
2.8028193,16.38616
-3.4476838,8.514498
-3.3288977,8.619437
-7.7243524,-0.39674976
-0.19503063,2.6607103
12.7518215,9.396664
-2.9417467,-6.4303274
-0.78068817,0.52829194
12.763598,6.6524878
11.580033,13.755494
1.8090297,21.04902
14.601581,3.265903
12.00215,12.925335
13.009038,9.015672
-1.4707576,-4.0306063
-1.2188103,1.9400624
15.82749,3.3200629
15.0102215,1.496464
7.8633127,-7.0276628
-2.6965053,8.6411295
-0.29748753,2.8619342
13.316687,7.8987236
-3.0288908,-6.5502176
7.764248,8.57246
-6.13756,2.8083735
10.099514,15.651906
-8.056643,0.49708998
12.73164,9.437218
12.704322,6.6423306
4.3122764,16.213179
10.697235,-7.3891306
-0.3142584,1.8710567
0.61824626,21.131943
-0.39329162,1.8929632
15.865733,3.2239861
-3.0930195,7.6987786
-1.2472788,2.021884
8.346314,-7.4130216
0.13785516,15.263792
15.503645,4.337719
13.497893,6.9516993
11.721379,13.523359
-2.2036614,8.533182
10.31089,-7.3827295
16.705997,-2.2991295
0.65803874,10.157036
-0.5439099,3.5716305
-0.61882025,2.5432665
-6.9630733,1.6783619
11.177265,-7.28457
9.811951,15.722606
9.908522,-7.3170195
13.201327,8.5798435
-3.5890677,8.36723
11.966718,13.271282
3.6964147,22.21129
8.169148,-7.293018
0.30882394,10.289714
12.0079155,12.904995
3.9381158,20.109993
-0.47568056,-5.09893
-2.964365,8.723763
2.6355517,16.345306
-7.1225467,1.2065642
-8.51988,0.9462413
14.177096,1.8782897
-6.2328568,-7.9631014
16.863094,-2.5349796
3.8873453,16.320412
11.758229,18.185558
12.051066,13.105022
-4.609236,-7.4349227
12.047172,13.010264
1.1873764,15.163374
8.048818,-7.206226
-0.11861454,1.2537332
-1.3067901,2.1360407
11.529989,1.3067037
-2.418553,2.5605693
7.758459,8.582838
11.835997,13.316015
11.497672,13.567129
10.779038,15.689344
-4.404652,-7.1363883
13.574017,18.177202
0.2943654,10.292071
12.78151,6.681222
9.514571,16.179081
13.928228,18.245964
4.503728,21.636005
14.998841,1.466572
3.3830705,12.178469
-2.4220643,-5.4546905
14.989731,-4.315896
2.6492414,20.334854
-6.065172,-7.834311
-6.244739,2.6908705
15.102279,-4.1899424
15.918816,2.6529148
11.497588,1.2682332
-0.047983833,2.3861148
-2.6102183,8.661592
3.9773276,22.136303
2.9058828,20.275938
-0.82705235,0.4209414
14.5785675,3.282138
-3.1653976,-6.3055644
3.365152,12.163398
13.274018,-7.491255
0.42022538,10.165005
9.040108,-7.416013
10.005751,16.2051
10.91069,16.012781
0.7593517,21.05491
13.909861,18.25041
13.49888,7.3660727
-0.20086925,1.7015665
2.821727,16.353735
13.355547,18.323793
11.983467,18.28905
-7.6147895,-0.29700747
1.4092457,9.977496
15.895031,2.7754061
12.882866,10.045072
-0.23613669,2.7154996
10.883685,15.805609
13.933813,18.267551
8.40888,-7.603696
3.9170725,20.091022
2.2103972,21.50023
2.6130097,21.900255
-2.5431516,2.6903172
11.227751,1.0889319
13.049143,-7.5453553
17.6596,-2.6448593
0.52518845,21.146084
1.1142224,9.999156
13.195088,-7.522157
0.6691077,15.475181
10.847284,-7.3723874
4.5316544,21.589647
-2.7478416,8.670008
-1.2959905,2.0851984
12.542211,9.61767
13.444701,6.5341983
-0.4250633,-5.1414065
12.78578,9.304649
1.0361028,1.6461407
15.129716,-4.171236
15.8760805,3.1426384
9.366799,16.272863
2.1691399,20.615915
-2.0175858,8.517784
-4.5482006,-7.409839
1.273262,9.978372
11.230933,14.541692
-3.1476285,8.662282
13.498508,6.943671
16.811539,-2.562906
15.688562,2.6168582
2.085469,20.758879
15.168657,-4.2167587
-6.150424,2.7962394
-0.4077146,-5.154593
9.85941,15.795111
-0.81976724,0.44529068
-6.018273,-7.803413
-2.5096142,7.0499787
-2.5058048,-5.500069
16.879461,-2.5322177
4.353841,16.13385
13.915929,-7.676612
4.552182,21.575079
16.357586,4.077223
-2.860019,-5.2236404
12.796078,9.329142
11.21593,1.081656
7.892183,-7.05668
10.30595,15.9959755
15.122211,-4.1709657
-3.159161,-4.642929
1.761721,21.047758
-3.4674633,8.565524
-0.76813954,4.0053616
2.5726,21.867699
-2.455006,-3.5694582
12.8112,-7.7305756
14.50784,-7.7394953
14.7711735,3.2620695
0.68074256,9.9667015
12.890207,-7.7095766
0.91995543,15.522463
15.051495,-4.2342463
-2.7163157,-3.712175
-0.7180705,3.951475
15.11396,4.113171
14.9803,1.5221725
2.4935305,21.810686
12.897715,8.761328
11.687979,13.584496
-6.451998,2.465997
4.2842507,16.20583
1.2103198,15.215108
11.377306,18.193356
-5.9877,-7.7420835
-2.706993,-6.3280096
16.727139,-2.6074755
-0.84502435,0.44154063
13.504379,6.935195
1.7122786,10.201061
-0.5611821,3.6007266
11.03359,0.9605115
11.58092,15.475014
-3.2602866,8.589343
8.845326,-7.3805327
-5.5537677,-7.461765
-3.1566217,-5.576411
-3.2182474,-6.336295
3.355262,12.17524
16.33732,4.05914
9.819941,15.76285
7.96974,8.5567465
-3.0941885,7.713116
-3.5887983,8.377899
15.124732,4.0901117
7.8026404,8.54821
8.180293,8.823861
-0.20741719,1.2369506
9.119991,16.569748
-0.4020639,-5.1560283
0.9580487,9.905733
-2.4490442,-3.5729833
3.356333,12.170967
17.231897,-2.9411857
13.458641,18.341187
3.7803082,20.063766
12.79194,9.349484
-0.8574558,1.3104557
1.324293,21.02242
-0.17985271,1.2110085
13.115024,-7.5359693
-7.5965114,-0.3108595
-2.2831008,8.345133
-4.669817,-7.458688
-8.482711,0.92330164
4.2551546,16.219084
14.014391,-7.7129936
3.5651758,22.251755
13.996502,1.347229
13.152274,-7.454711
13.37279,8.405428
11.372548,14.414479
15.354489,-3.3785756
0.5939652,10.208359
9.115071,16.607275
13.516623,6.220074
10.539725,17.974833
-7.13328,1.2043111
11.397152,1.3112783
-3.100071,7.718396
12.565469,-7.3364334
-0.2965395,2.7393599
11.309565,1.1953496
13.406859,18.326714
15.854006,4.170927
11.656076,15.533203
-0.3968201,1.904069
-0.3752045,1.906598
15.061796,-4.2364564
9.762601,15.787757
11.584635,13.969543
9.711196,15.87718
12.269999,9.13185
4.1820636,16.2939
11.512884,1.4544133
13.900566,18.26516
-6.5268135,2.384167
-7.6792836,-0.31177375
9.447238,16.218191
9.833821,15.705446
2.8387504,20.252386
12.797915,9.299176
0.08580749,15.235876
-2.6069787,7.108333
14.422226,3.3563695
15.354118,-2.300882
-2.495407,-5.5121326
15.859089,3.3234496
11.026646,18.133913
7.758891,8.589197
9.575837,16.394775
16.335814,4.044988
0.88834953,21.050203
0.6848099,15.469303
-2.6220577,7.1221714
-5.526167,-7.5351577
13.447085,18.327063
2.8971264,12.443448
15.059203,-4.2178035
-7.7126403,-0.40377155
10.022588,15.582028
11.298351,1.1886641
-0.88378173,1.2532473
-4.600224,-7.432248
15.189389,-3.9698405
-6.841677,1.876538
-7.694927,-0.42898673
-0.12898862,1.2324439
-0.7592488,4.036005
12.618613,-7.2792673
2.6112394,16.36112
-0.049180076,2.3651044
3.492526,22.243835
7.880605,-7.0483465
-0.3313399,2.7504919
19.147345,10.89227
12.563905,9.597583
-3.1590328,8.650387
-3.3596623,8.6129465
17.57359,-2.7816663
4.980154,20.552216
-0.8419755,1.440694
-3.0761268,-4.996345
11.607816,13.888681
15.887967,3.5260472
13.296844,18.323828
-7.1271005,1.0966163
11.64364,15.511366
11.534757,13.5583725
15.567638,4.1304417
-2.2366996,2.4070628
10.251562,15.840901
3.2301114,20.205364
-2.6927803,-6.3574023
11.575996,15.353445
-2.1114624,2.308978
14.94812,1.4195535
-0.29380855,2.7505004
3.2460701,12.251104
0.55909455,10.215053
10.812326,-7.507572
16.087585,4.0729375
3.585274,22.243279
13.277245,-7.5184402
-0.6601917,0.6384033
8.945013,-7.417323
-0.86533064,1.04506
-0.7678852,0.4446754
-2.7409494,-5.276727
0.6221552,21.124348
12.227374,9.089375
13.493548,7.28023
-2.8807995,-5.3160076
1.4434023,9.96538
0.108743265,15.247044
10.056751,-7.341915
8.986795,16.614489
-3.4930198,8.429435
-2.925246,-6.375305
2.3231778,20.534843
14.172462,1.6003985
11.019703,-7.377759
4.9847374,20.560612
-6.045023,-7.790096
14.572089,1.3679355
-3.4605944,8.483148
11.493861,1.272569
0.8351785,15.44692
12.741104,-7.3161464
15.932085,-2.8973408
1.2568275,9.9881735
-0.16961634,1.6705793
-7.4813185,-0.1794669
-1.6706496,-6.1852417
-1.3141375,-5.650944
14.546428,-7.7424245
13.56184,18.323217
-7.6521816,-0.3786217
17.989475,-2.803621
2.9097157,12.442859
15.655332,-3.0177302
-3.1887538,-4.1945577
-2.91673,8.718482
4.1527786,16.304356
-5.9631963,-7.725275
-5.4257665,-7.6071334
14.9753475,1.5632231
1.964527,20.908585
-2.095881,8.354251
10.920035,15.78927
8.335523,8.922671
-4.5658493,-7.3828464
19.135864,10.88082
2.843305,20.256233
15.121125,4.1148887
17.159512,-2.7346578
3.922436,20.102114
15.984956,2.7279778
5.0187054,20.530806
-3.1328907,7.65963
-7.620116,-0.314155
15.142089,4.1021447
15.17639,-4.0280485
7.91064,8.534176
-0.62439185,3.728308
-6.29186,2.6419451
-2.9917395,-6.353833
-4.5479774,-7.363144
0.67090464,21.105644
3.2140188,12.270846
7.7698317,8.621171
14.606571,1.3519105
13.45459,7.8016815
10.884964,-7.332739
8.17218,8.816725
8.946259,16.62234
-8.506918,0.93545413
-1.266087,-5.5329647
-0.08531386,2.428621
11.063849,-7.386613
1.925201,21.227913
-0.7739894,0.5791183
-6.098907,-0.9544382
-2.7835631,8.699514
12.8670635,10.028957
3.3437512,12.195301
15.002249,1.4078621
13.507123,7.061589
-3.338502,8.602344
17.698557,-2.5333953
1.6161073,9.9948225
1.9816016,21.276264
8.05456,-7.21529
11.095403,-7.272333
-1.6016101,-6.097035
17.206364,-2.8882449
15.120176,-4.1911297
-2.1616778,8.302904
11.719097,13.495902
-0.13030222,1.2167414
-2.2133734,2.3886342
-2.524914,2.6798525
12.9073105,10.023635
12.406076,9.292665
13.549965,18.377653
3.034437,16.358315
-0.15326709,1.2492765
-6.0170817,-7.810299
3.9708748,22.12968
-6.109191,-0.9471655
8.3445425,-7.6151614
10.517688,17.948313
-0.84173316,0.41818568
12.527775,9.605528
1.8099737,20.41938
-8.496478,0.92852736
14.031753,1.3742191
11.631742,13.865509
13.913466,18.259285
-0.8564025,0.39285716
-2.6448295,8.528021
-7.4988523,-0.28640875
-0.24185574,1.1378632
-2.0909739,-6.1218257
-7.3585486,0.26068482
15.654883,-3.0414972
9.429102,16.184984
3.9445212,20.110514
11.746628,15.535739
12.732878,9.339344
2.9011497,12.447686
15.449369,4.218085
14.734771,3.2301795
17.680016,-2.6727378
11.390704,14.354774
15.861497,4.181085
-6.0252266,-7.7823863
11.79345,13.313547
3.8536441,20.084015
10.803709,-7.370852
10.164926,15.662396
4.252318,16.235216
11.98694,13.225769
3.1687376,12.297384
-5.4133806,-7.574228
13.873951,18.283741
-6.233371,-7.973692
-1.5594083,-6.901394
11.03145,-7.41704
0.76674974,15.582984
0.7830306,15.56754
2.9235072,12.417825
1.6791561,10.190519
10.521372,16.035053
10.914833,-7.399202
7.9195147,-7.0731997
13.324181,7.912473
8.185073,-7.321137
12.167306,9.097289
14.208334,1.9078913
-2.479146,-3.593251
3.384201,20.174398
10.399923,15.919645
1.0663973,15.6251135
-3.2424061,-4.287001
11.899229,15.594937
-5.5700235,-7.4472303
3.1114223,12.33098
-1.5529795,-6.922537
10.276376,-7.3669763
14.231493,1.9301356
14.912238,1.400339
12.621053,-7.3363047
10.257238,-7.349439
14.775524,3.2502966
16.103102,4.046907
10.229358,15.83603
-6.592066,2.3056712
-6.9768586,1.6497146
14.934007,1.3987458
12.845126,-7.7170854
15.585679,-3.1230707
-3.196298,8.619672
12.952363,8.65577
-7.617725,-0.3330939
-2.2672825,7.6759305
15.935162,2.7193072
-0.5364913,3.5496712
9.340868,16.247187
10.592567,17.98168
-7.209334,-0.32423475
0.7072583,9.942977
12.876318,10.061958
-1.7544252,-6.0573454
0.65725553,10.150973
-0.07425718,1.1356491
14.502157,1.3455943
11.528956,1.2907048
10.535758,17.948437
11.669809,15.50289
13.627794,18.320568
-7.121771,1.2316968
-2.7993996,-5.189509
-0.20726348,1.5739902
17.162447,-2.8481443
3.4369187,22.213125
-3.193663,8.612733
15.133124,4.0972733
16.7301,-2.7053716
12.964825,9.032677
-3.2796233,-6.1254144
-3.5614476,8.394881
-7.0161405,1.3885473
12.027857,12.981453
-6.1018753,-0.9532073
14.054007,1.462928
-6.9561048,1.6918552
0.634116,15.425447
15.078257,4.088495
-1.616179,-6.089329
13.202504,8.314531
17.174349,-2.750745
3.4654322,22.303171
0.46943653,10.19267
17.547607,-2.7601593
1.3071655,9.954951
-2.473563,-3.582671
0.6350611,10.1648
13.003452,-7.653959
13.190551,8.658804
11.970519,13.394918
4.4677753,21.63143
-2.3808877,-5.850551
-7.580014,-0.2708515
-2.1136854,2.317454
-2.110764,-6.1793804
16.897038,-2.6463788
9.873656,-7.402526
1.6711872,10.207782
9.885187,-7.3173194
3.3428555,12.187985
0.6204327,15.547996
-3.215256,8.625479
15.18614,-3.9910746
-1.7380477,2.2266119
11.947384,18.287697
-1.2658492,-5.563575
-8.4624195,0.8993943
15.139215,-4.1473045
-0.57624245,3.6609387
15.939261,-2.8954906
-6.518819,2.3898199
13.178077,8.210682
13.520635,6.226574
11.8046875,13.320927
1.5561609,9.947005
10.2128525,15.846498
-5.5265884,-7.448816
1.2504443,9.966528
-8.278433,0.8046441
10.937745,-7.474073
12.873542,8.916512
1.6080117,10.001375
-7.0129657,1.3373791
13.542378,6.2466383
-7.0390005,1.3338165
-2.9944181,-6.4256883
13.1876955,-7.5757456
12.030683,13.001753
9.867877,-7.321159
13.92588,18.263428
8.995113,16.626873
15.352964,-2.2791495
-1.5723437,-6.8871794
2.7706692,16.345505
-1.6155603,-6.360615
-1.3349968,-5.4425607
8.883397,-7.4145675
17.320307,-2.850069
-5.541445,-7.4717917
12.720082,6.652482
-1.7643087,2.239647
4.5286446,21.592691
11.04489,18.148115
13.136591,-7.580469
11.686275,15.537521
11.601837,13.877121
10.904748,-7.485132
14.006243,1.3726083
13.098239,8.290402
13.214496,8.081693
1.9236506,20.921007
-6.5552807,2.351558
11.2110815,1.0790815
15.8637905,2.8626418
4.253695,16.226997
8.625224,8.980764
14.273548,1.9536009
-0.8706168,0.3688763
14.43849,3.1816075
11.029399,18.133688
13.005867,-7.509501
15.929526,2.7341752
11.727281,13.618508
10.818391,-7.50435
0.1647637,15.296217
10.627617,16.137264
-1.5840685,-6.8572516
9.711181,15.913486
4.160441,16.308088
-2.9294953,-3.8399706
14.572766,-7.7378435
15.492851,4.2559347
-0.7775509,4.054089
1.0312989,1.6387718
-8.223992,0.7487784
15.6853895,-3.002666
2.8828578,22.033178
-8.466552,0.91253173
0.40904498,10.19409
-6.463965,-0.7065921
1.9651481,20.927973
-4.6479135,-7.4501066
-1.4849452,-4.017617
4.4991164,21.63849
3.9359317,20.10706
10.840015,16.118877
14.715887,3.2094295
2.5885732,21.88076
8.402813,8.99395
12.942523,6.685775
15.198012,-4.0351753
-3.5395565,8.389937
-3.3473842,8.540681
-3.1569717,-4.1110783
-1.752266,2.2414515
17.65175,-2.722704
-3.0777075,-4.8703256
8.178089,8.8173485
8.149904,-7.298103
-3.2310514,-4.243873
-1.9868854,-6.114554
13.989141,1.3622485
11.851165,13.2333765
1.1961378,15.244567
3.3700583,20.166813
14.790404,3.4094841
12.880399,8.728777
-2.1388886,7.886012
4.490295,21.646631
-3.2791357,8.592087
7.859776,8.653659
13.388072,18.279366
-1.3216579,2.1299067
19.10326,10.847822
14.585033,-7.7314377
15.694553,-3.0154939
1.1675582,15.229114
-1.7321596,-3.7398186
14.934672,1.4281954
-2.8830266,-3.7841418
11.156059,-7.3088818
9.891985,-7.3278165
15.014998,1.4715246
-0.28275037,2.8842895
8.402862,-7.6383047
3.350876,12.159366
4.825324,20.646389
-2.821992,-5.2684083
13.500038,6.979856
14.032514,1.3876984
2.2296305,20.615463
3.0833635,22.112661
2.6942406,16.318844
2.8961225,12.44979
13.50301,6.243567
13.321155,8.528098
-6.503581,2.398221
10.849879,-7.38544
13.186617,-7.528189
-7.1309752,1.2041831
3.6633322,22.229105
-6.5393376,2.3635352
-2.839426,8.659978
11.701332,15.50156
